AgentId,Nombre_Trajets
1001108:car,2
1001110:car,5
1001115:car,5
1002497:car,2
1002498:car,5
1003486:car,2
1003487:car,2
1005424:car,5
1006937:car,2
1007039:car,2
1007040:car,2
1007906:car,4
1009657:car,7
1010307:car,2
1010308:car,9
1012884:car,3
1013486:car,2
1013983:car,4
1014631:car,2
1014816:car,2
101535:car,2
101594:car,2
101595:car,2
101596:car,4
1016629:car,2
1017077:car,2
1017078:car,3
1017395:car,4
1017545:car,4
1017547:car,5
101910:car,2
1019931:car,4
1019932:car,2
102077:car,2
102140:car,5
1022825:car,4
1022826:car,4
1023595:car,2
1023596:car,9
1024296:car,4
1024297:car,11
1024956:car,3
1024958:car,10
1025066:car,5
1025067:car,2
1026845:car,7
1027564:car,5
1027565:car,2
1027641:car,7
1027642:car,2
1030624:car,4
103182:car,2
1031978:car,6
1031981:car,3
1032598:car,7
1033252:car,6
1035347:car,1
1035349:car,7
1035974:car,3
1035975:car,4
1035976:car,4
1036240:car,2
1036241:car,3
1036296:car,2
1036297:car,4
1037175:car,4
1037680:car,6
1037779:car,2
1038243:car,4
1038412:car,4
1039091:car,4
1039093:car,9
1039400:car,2
1040176:car,4
104072:car,8
1041779:car,3
1041780:car,4
1041781:car,2
1042376:car,2
1042377:car,9
10444:car,2
1044634:car,4
1044635:car,6
1044636:car,2
1045961:car,2
1046092:car,2
104659:car,3
1047597:car,2
1047611:car,2
1047612:car,2
104951:car,6
1051004:car,2
1051006:car,10
1051007:car,4
1051169:car,2
105117:car,2
105119:car,4
1051753:car,4
1051754:car,4
1051900:car,2
1052372:car,3
1052373:car,4
1052374:car,2
1052474:car,9
1053582:car,6
1053587:car,3
1054085:car,2
1056233:car,4
1056405:car,6
1057175:car,3
105800:car,4
1060029:car,2
1060955:car,3
1060956:car,2
1061278:car,6
1061279:car,4
1061948:car,6
1061950:car,2
1061951:car,6
1063528:car,2
1063529:car,4
1064303:car,8
1064978:car,3
1064980:car,5
1065272:car,2
1068082:car,2
1068121:car,6
1068310:car,9
1068826:car,8
1068827:car,2
1069663:car,2
1069664:car,1
1069665:car,2
1069667:car,5
1070891:car,4
1070892:car,4
1071096:car,2
1071226:car,2
1071968:car,4
1071969:car,2
1072282:car,6
1072283:car,5
1072284:car,4
1072652:car,2
1072653:car,4
1073807:car,7
1073808:car,2
1073917:car,9
1074029:car,4
1074030:car,2
1074031:car,2
1074032:car,2
1074416:car,2
1074418:car,6
1074667:car,2
1075044:car,3
1076080:car,2
1076562:car,6
1076563:car,2
1077464:car,2
1077466:car,6
1077565:car,2
1077566:car,3
1077940:car,2
1077941:car,2
1078006:car,7
1078443:car,2
1078538:car,6
1078547:car,2
1078549:car,2
1078798:car,7
1078799:car,6
1080779:car,2
108148:car,4
108149:car,2
108151:car,2
1081823:car,2
1082188:car,3
1082654:car,5
1082656:car,4
1082812:car,2
1083024:car,2
1083025:car,4
1083298:car,4
1084006:car,9
1084007:car,5
1084258:car,4
1084259:car,2
1084380:car,2
1084383:car,4
1084404:car,7
1086056:car,8
1086:car,6
1087382:car,4
1087383:car,2
1088005:car,3
1090618:car,2
1090621:car,2
1090643:car,4
109259:car,2
1092608:car,6
109260:car,2
1092965:car,7
1092966:car,6
1092967:car,4
1093566:car,2
1094740:car,2
1094741:car,2
1095256:car,8
1095257:car,8
1095501:car,2
1095649:car,2
1095650:car,2
1095652:car,2
1095653:car,5
1097073:car,5
1098754:car,5
1098755:car,2
1098757:car,4
1099952:car,3
1099955:car,4
109998:car,4
109999:car,6
1100809:car,3
1102217:car,6
1102998:car,3
1106262:car,10
1106930:car,2
1106931:car,6
1109198:car,2
1109199:car,4
110930:car,4
1109901:car,2
1109902:car,4
110996:car,2
110997:car,6
1110076:car,9
1110343:car,1
111207:car,2
1112962:car,3
1112963:car,2
1112964:car,2
1113218:car,2
111388:car,3
111390:car,4
1114064:car,2
1114104:car,2
1114105:car,3
1114124:car,2
1115048:car,6
1115202:car,8
1115622:car,3
1115725:car,7
1116202:car,5
1116619:car,5
1116819:car,4
1116820:car,4
1119455:car,4
1119456:car,2
1119457:car,4
1119458:car,2
1120114:car,2
1120115:car,2
1120380:car,5
1122620:car,3
1122621:car,2
1122865:car,5
1122866:car,2
1123457:car,3
1124599:car,4
112472:car,4
1124785:car,4
1124786:car,2
1126010:car,4
1126011:car,5
1126082:car,2
1127181:car,4
1127184:car,2
1127392:car,4
1127394:car,2
1127395:car,4
1127396:car,2
112782:car,2
1128459:car,2
1128774:car,2
1130353:car,1
1132183:car,2
1133231:car,3
1133236:car,5
11332:car,10
113361:car,2
1135257:car,4
1135258:car,2
1135259:car,4
1136252:car,4
1136732:car,13
1137622:car,4
1138373:car,2
1138374:car,6
1138781:car,2
1138782:car,2
1141814:car,2
1142035:car,2
1142037:car,3
11423:car,1
1142510:car,2
1142511:car,6
1142598:car,3
11426:car,6
1143788:car,4
1143789:car,2
1144283:car,2
1144324:car,4
1144325:car,2
1144332:car,2
1144669:car,3
1144670:car,8
1144833:car,3
1144928:car,2
1146016:car,3
1146104:car,6
1146105:car,3
1147125:car,4
1147127:car,9
1147449:car,2
1147450:car,2
1147666:car,10
1147678:car,4
1147891:car,4
1148048:car,4
1148049:car,5
1148067:car,6
1148069:car,5
1150517:car,5
1150696:car,7
1150782:car,3
1150783:car,2
1152127:car,3
1152136:car,2
1153676:car,2
115454:car,3
1156495:car,4
1157564:car,8
1157711:car,9
1158:car,2
1159625:car,2
1159626:car,3
11597:car,5
11598:car,4
11599:car,5
1160273:car,2
1160684:car,2
1160685:car,4
116231:car,2
116232:car,4
11644:car,8
1165545:car,3
1166191:car,4
1166192:car,3
1166564:car,2
1166565:car,2
1167859:car,4
1169279:car,2
1170004:car,4
1170738:car,2
1171019:car,5
1171686:car,2
1171688:car,5
1173206:car,8
1173207:car,5
117331:car,2
117375:car,3
117376:car,2
1174185:car,2
11742:car,2
1176248:car,3
1176250:car,4
1176313:car,2
1176314:car,2
1176315:car,9
1177301:car,6
1178337:car,3
1178338:car,2
1178685:car,2
1178864:car,4
1178865:car,7
1178873:car,10
1178874:car,2
1178998:car,3
1179000:car,7
1179094:car,2
1180136:car,4
1180345:car,2
1180346:car,2
1183553:car,3
1183601:car,3
1183602:car,6
1184049:car,8
1184050:car,2
1184469:car,5
1184510:car,2
1185575:car,2
1185576:car,7
1186493:car,4
1186494:car,6
1186513:car,5
1186514:car,4
1186800:car,8
1186801:car,2
1186803:car,3
1188880:car,2
1188890:car,2
1188891:car,5
1189144:car,7
1189316:car,3
1189317:car,2
1189318:car,4
1189319:car,3
119037:car,2
1191354:car,7
1192236:car,2
1192289:car,2
1192586:car,5
1194689:car,2
1195092:car,4
1195093:car,6
1196346:car,2
1196347:car,12
1197680:car,5
1197681:car,3
1198597:car,4
1198598:car,2
1198638:car,9
1198888:car,2
1198889:car,4
1199037:car,2
120007:car,2
1201014:car,2
1201308:car,5
1202197:car,2
1202514:car,8
1202575:car,6
1202576:car,2
1202937:car,4
1202939:car,5
1202941:car,8
1203197:car,4
1203478:car,7
1204812:car,2
1204905:car,2
1206194:car,6
1206436:car,2
1206875:car,4
1206876:car,5
1206877:car,4
1207323:car,2
1207351:car,6
1208372:car,2
1208373:car,2
1208374:car,2
1208530:car,2
1208531:car,2
1208532:car,3
1208570:car,7
1208814:car,4
1208816:car,4
1208817:car,6
1210703:car,2
1210704:car,5
1210969:car,6
1210970:car,5
1211880:car,2
1212232:car,6
1212234:car,3
1212584:car,9
1212585:car,3
1212894:car,2
1212895:car,2
1212896:car,2
1214020:car,4
1214021:car,6
1215060:car,3
1215063:car,2
1215643:car,2
1216677:car,2
1216678:car,2
1216679:car,8
1217156:car,6
1217157:car,2
1217430:car,2
1217825:car,2
1217826:car,2
1217875:car,6
1217876:car,1
1218166:car,8
1218167:car,8
1218168:car,9
1218535:car,2
1218537:car,1
121917:car,2
1219408:car,4
121958:car,2
121961:car,4
1219903:car,3
1219904:car,11
1220000:car,2
1220001:car,2
1220521:car,7
1220896:car,9
1220898:car,6
1221157:car,5
1221158:car,2
1221353:car,2
1222630:car,2
1224283:car,2
1224391:car,2
1225410:car,5
1225568:car,5
1225682:car,8
1225684:car,3
1225723:car,2
1227444:car,2
1229435:car,2
1229436:car,2
1229660:car,2
123139:car,3
123140:car,2
123141:car,6
123143:car,7
123145:car,2
1232538:car,4
1232539:car,3
1234290:car,2
1234671:car,3
1234672:car,2
1234673:car,2
1235314:car,4
1236123:car,8
1236132:car,3
1236133:car,6
1236713:car,2
1237081:car,2
1237373:car,2
1237374:car,2
1238004:car,9
1238007:car,2
1238677:car,2
1238932:car,5
1240160:car,5
1240774:car,2
1240830:car,2
1240831:car,9
1241491:car,6
12420:car,4
1243443:car,2
1245763:car,2
1245764:car,4
1246364:car,3
1246894:car,2
1246895:car,2
124722:car,4
124727:car,2
1247945:car,2
1247946:car,10
1248231:car,2
1250657:car,1
1250658:car,2
1250659:car,4
1250984:car,2
1250985:car,4
1251685:car,2
1252215:car,2
125272:car,7
1254369:car,4
1254370:car,3
1255173:car,6
1255174:car,3
1257134:car,3
1257181:car,2
1257182:car,4
1257184:car,2
1257563:car,2
1258864:car,2
1258865:car,3
1260108:car,2
1260621:car,5
1261106:car,2
1261689:car,6
1261691:car,11
1261918:car,4
1261919:car,5
1263041:car,4
1263244:car,2
1263245:car,3
126426:car,2
1264479:car,4
1264480:car,2
1264866:car,5
1264874:car,5
1264875:car,2
1264876:car,7
1265806:car,2
1265807:car,5
1265810:car,2
1267328:car,2
1268845:car,2
126905:car,8
126906:car,2
1269072:car,6
1269073:car,6
1269558:car,5
1270292:car,3
127078:car,4
1270820:car,4
1270821:car,2
127127:car,4
127129:car,2
1271587:car,2
127182:car,4
127183:car,2
1271925:car,2
1272465:car,6
1272702:car,2
127339:car,5
127341:car,4
1274145:car,4
1275540:car,10
1275722:car,2
1275723:car,5
1276060:car,4
1276195:car,2
1276954:car,2
1277838:car,4
1277839:car,2
1279416:car,4
1280418:car,7
1280671:car,2
1280785:car,7
1280786:car,3
1281207:car,2
1281864:car,2
1281866:car,6
1281867:car,2
1281868:car,6
1282405:car,4
1282636:car,2
1283209:car,4
1283312:car,2
1283387:car,4
1284076:car,2
1284465:car,2
1285198:car,2
1286299:car,4
1286303:car,3
1286304:car,4
1289:car,2
1290651:car,2
1290950:car,2
1292427:car,6
1292561:car,4
1293358:car,2
1294042:car,2
1294219:car,2
129510:car,4
129511:car,2
1296544:car,3
1296545:car,4
1297518:car,2
1298332:car,4
1298497:car,2
1298498:car,2
1298954:car,2
1299311:car,2
1300767:car,5
1301255:car,2
130127:car,2
130128:car,4
1301912:car,2
1301913:car,2
1302113:car,7
1303023:car,3
1303776:car,6
1303778:car,2
1304186:car,2
1304189:car,6
1304190:car,3
1304711:car,2
130563:car,4
1308493:car,3
1308494:car,4
1308514:car,3
1309808:car,4
1309809:car,2
1310379:car,2
1310380:car,2
1311716:car,2
1311718:car,7
1312115:car,2
1312744:car,2
1312746:car,2
1313098:car,2
131341:car,4
1314139:car,4
1314140:car,4
1315111:car,2
1316625:car,2
1316627:car,9
1316628:car,3
1316731:car,4
1317898:car,7
1317899:car,4
1318207:car,2
1318761:car,3
1318762:car,3
1319054:car,8
1319424:car,2
1319425:car,9
1319528:car,2
1319529:car,3
1319530:car,2
1319531:car,2
1320694:car,6
1320695:car,2
1320696:car,3
1321124:car,6
1321125:car,3
1321634:car,3
1322071:car,2
1322074:car,4
1322176:car,5
1322435:car,4
1322436:car,2
1322824:car,2
132336:car,2
132337:car,4
1323488:car,2
1323490:car,2
1323625:car,2
1323628:car,2
1323630:car,4
1324714:car,6
132616:car,2
1326692:car,6
1327036:car,2
1327345:car,2
1327428:car,3
1327630:car,4
1327631:car,4
1328413:car,2
1328565:car,3
1328566:car,5
1328648:car,9
1328649:car,2
132871:car,2
132872:car,2
1330123:car,3
1330571:car,4
1331431:car,6
1331432:car,3
1334880:car,8
1334882:car,4
1334965:car,2
1335125:car,7
1335960:car,2
1335961:car,6
1339050:car,5
1339250:car,2
1339251:car,2
1339254:car,6
1339659:car,7
1339817:car,6
1341075:car,3
1341515:car,6
1341516:car,5
1341517:car,2
1341977:car,5
1342948:car,2
1344597:car,3
1344701:car,8
1344702:car,3
1344703:car,5
1344704:car,2
1345070:car,4
1345895:car,2
1346126:car,3
1346901:car,2
1347022:car,7
1347024:car,4
1347025:car,4
1347037:car,2
1347038:car,5
1348382:car,3
1348383:car,4
1350702:car,7
1350703:car,3
1350753:car,2
1350754:car,6
1351150:car,2
1351151:car,2
1352982:car,2
1353776:car,7
1353777:car,8
135471:car,4
1355232:car,2
1355233:car,3
1355235:car,4
1355476:car,4
1355658:car,2
1355758:car,7
1355882:car,4
1355885:car,3
1358058:car,2
1358059:car,6
1358766:car,6
1359395:car,2
1359895:car,5
1359896:car,2
1360682:car,6
1360683:car,2
1360684:car,2
1360771:car,3
1360772:car,4
1360811:car,2
1360984:car,2
1361270:car,2
1362590:car,2
136417:car,2
1364501:car,2
1364782:car,1
1366889:car,4
1367565:car,2
1367566:car,2
1369482:car,8
1369852:car,2
1372050:car,9
1372589:car,2
1372590:car,1
1372591:car,2
13727:car,2
13730:car,6
13731:car,2
1373229:car,2
1374096:car,3
1374097:car,2
1374667:car,2
1374668:car,9
1374772:car,2
1374773:car,5
1374788:car,9
1374789:car,2
1375118:car,4
1375119:car,3
1375439:car,2
1375440:car,5
1376005:car,6
1376581:car,2
1376582:car,2
1376612:car,3
1376656:car,2
1377312:car,4
1377383:car,6
1377384:car,3
1377386:car,2
1377401:car,2
1377588:car,6
1379254:car,6
1379494:car,6
1379497:car,3
1380734:car,6
1380735:car,4
1380754:car,5
1380881:car,2
1380882:car,9
1380909:car,2
1382011:car,4
1382015:car,10
1382323:car,3
138236:car,8
1383390:car,2
1383391:car,9
1384313:car,4
1384343:car,3
1384671:car,2
1384672:car,4
1385578:car,2
1385579:car,2
1385688:car,2
1386191:car,2
1386192:car,2
1386852:car,2
138757:car,2
138759:car,8
1389253:car,2
1389254:car,6
138925:car,2
1389504:car,6
1389505:car,1
1389508:car,3
1390739:car,2
1391816:car,4
1392550:car,2
1392551:car,2
139274:car,3
139332:car,5
139334:car,6
1394445:car,2
1395043:car,2
1397510:car,4
1397903:car,2
139900:car,3
140023:car,4
140024:car,4
1400424:car,2
1400425:car,5
1400687:car,3
1401471:car,2
1401472:car,4
1401601:car,4
1401603:car,5
1401938:car,2
1401940:car,8
1402219:car,6
1402220:car,2
1402221:car,2
1402877:car,4
1403810:car,4
1403997:car,6
1403998:car,2
140516:car,6
1408138:car,4
1408139:car,4
1408140:car,3
1408142:car,11
1408569:car,2
1409518:car,3
1409521:car,2
1410068:car,3
1410138:car,7
1410662:car,1
1410705:car,4
1410706:car,7
1411229:car,6
14146:car,6
14147:car,2
141606:car,2
141607:car,2
1416238:car,2
1416239:car,2
1416346:car,7
1417153:car,6
1417155:car,2
1417184:car,3
1417857:car,2
1417884:car,2
1418428:car,5
1418429:car,2
141864:car,4
1422785:car,5
1422787:car,3
1423273:car,2
1423496:car,4
1423641:car,1
142409:car,4
142410:car,9
1425020:car,3
1425405:car,2
1426541:car,3
1426543:car,2
1430540:car,2
1430821:car,10
1430822:car,5
1431872:car,4
1432188:car,2
1432601:car,4
1432602:car,3
1432894:car,3
1432895:car,2
143495:car,4
1435070:car,4
1435206:car,2
1435498:car,2
1437331:car,2
1438783:car,7
1438784:car,7
1439444:car,5
1439474:car,4
1439475:car,3
1440055:car,3
1440056:car,4
1441627:car,1
1441705:car,4
1443407:car,5
1443408:car,3
1443560:car,2
1445282:car,2
1445925:car,2
1446428:car,3
1446429:car,4
1446430:car,2
1446431:car,3
1447297:car,2
1447356:car,2
1447701:car,2
1448408:car,3
1448967:car,2
1449082:car,2
1449083:car,2
1449116:car,4
1449117:car,3
1450292:car,2
1451714:car,4
1451781:car,7
1451782:car,6
1452349:car,4
1452350:car,4
1452680:car,3
1452772:car,5
1452823:car,4
1455018:car,2
1455019:car,5
1456109:car,4
145633:car,3
1456385:car,2
1457126:car,3
1458873:car,9
1458875:car,4
1459264:car,6
1459277:car,2
1459279:car,6
1459283:car,4
1460784:car,3
1461921:car,2
1461922:car,6
1462109:car,5
1462110:car,2
1462191:car,2
1463840:car,4
1464915:car,2
1465306:car,2
1465590:car,4
1465922:car,6
146632:car,2
146634:car,5
1466552:car,5
1466555:car,6
1467489:car,2
1469845:car,3
1470885:car,11
1470886:car,3
1471976:car,5
1472193:car,5
1472715:car,3
1472716:car,4
1475969:car,3
1475970:car,2
14771:car,5
1478389:car,2
1478688:car,5
1478765:car,6
1478882:car,2
1478883:car,2
1479015:car,4
1479264:car,3
1479266:car,5
1479267:car,5
1479381:car,2
1479383:car,9
1479497:car,2
1479940:car,6
1479941:car,2
1481985:car,2
1482581:car,4
14829:car,2
1483267:car,4
1483268:car,7
1483869:car,2
1484026:car,12
1484761:car,4
1484762:car,2
1484763:car,3
1487121:car,2
1487125:car,2
1488324:car,10
1488896:car,2
1489207:car,8
149100:car,2
1491831:car,2
1491882:car,4
1492342:car,7
1492964:car,2
1492965:car,2
149366:car,2
1494055:car,1
1494484:car,5
1497148:car,2
1497358:car,2
1498169:car,2
1499913:car,3
1500028:car,6
1500029:car,5
1500611:car,5
1500612:car,6
1501701:car,2
1502869:car,4
1503015:car,6
1503378:car,2
1504904:car,2
150504:car,2
1505446:car,2
150577:car,2
1506088:car,7
1506089:car,5
1506090:car,2
1506610:car,4
1506611:car,2
1506633:car,4
1507114:car,2
1507116:car,5
1507419:car,2
1507420:car,2
1508034:car,3
1508035:car,8
1510235:car,4
1511002:car,2
1511142:car,4
1511143:car,2
1511436:car,4
1511437:car,4
1511609:car,2
1512774:car,6
1513068:car,4
1513846:car,2
1513847:car,4
1514919:car,5
1515111:car,5
1517339:car,4
1517340:car,2
1517507:car,14
1517509:car,5
1518378:car,6
1518379:car,2
152051:car,2
1521484:car,4
1521909:car,6
1522385:car,5
1522511:car,7
1522614:car,2
15226:car,1
15227:car,7
1523629:car,4
1523955:car,5
1525411:car,7
1525628:car,2
1525629:car,5
1526045:car,10
1526461:car,1
1526593:car,2
1526594:car,5
1526853:car,8
1527199:car,8
1528148:car,6
1528149:car,2
1529908:car,4
1529909:car,4
1531214:car,2
1531215:car,4
1531216:car,4
1532493:car,2
1533180:car,7
1533635:car,2
1533637:car,13
1534060:car,4
1535553:car,2
1535605:car,3
1535606:car,5
153591:car,2
153592:car,5
1536382:car,5
1536383:car,4
1536384:car,4
1536385:car,1
1536397:car,6
1536398:car,2
153814:car,3
153914:car,2
1541107:car,4
1541108:car,2
1542258:car,2
1543366:car,6
1543367:car,8
154381:car,6
1543904:car,5
154401:car,2
1544188:car,2
1544339:car,10
1544340:car,5
1544737:car,2
1545114:car,4
1545211:car,6
1545711:car,4
1545713:car,1
1546217:car,9
1546538:car,2
1546640:car,6
1546644:car,4
1547435:car,2
1547650:car,8
1547651:car,3
154898:car,2
1550880:car,4
155161:car,4
155162:car,2
1552512:car,3
1552513:car,4
1552516:car,2
1555890:car,9
1555891:car,4
155826:car,4
1559180:car,6
1559189:car,2
1560534:car,5
1562521:car,2
1562522:car,2
1562523:car,4
1562524:car,2
1564469:car,1
1564798:car,6
1564799:car,6
1566078:car,4
1566079:car,4
1568947:car,4
15692:car,4
1569914:car,3
1570038:car,4
1570166:car,4
1570886:car,2
1570887:car,2
1571452:car,6
1571491:car,8
1572174:car,5
1572282:car,5
1572460:car,4
1572665:car,5
1572805:car,3
1573751:car,8
1573768:car,2
1574551:car,2
1574552:car,3
1575019:car,4
1575020:car,3
1576460:car,2
1576466:car,2
1577476:car,6
1577477:car,5
1577899:car,7
1577901:car,4
1578711:car,8
1578712:car,6
1580172:car,2
1580398:car,5
1580399:car,3
1581340:car,2
1581341:car,6
1581603:car,2
1582195:car,3
1583647:car,5
1583648:car,4
1583769:car,3
1583770:car,2
1583882:car,8
1583884:car,7
1584431:car,5
1584432:car,2
1584433:car,5
1584436:car,2
1584437:car,7
1584848:car,2
1585087:car,6
1585306:car,8
1585411:car,4
1586212:car,2
1586627:car,4
1586628:car,3
1587817:car,4
1588653:car,9
1589253:car,2
1589254:car,7
1589359:car,12
1590516:car,11
1591307:car,2
1591308:car,4
159328:car,2
1595304:car,5
1595305:car,7
1596390:car,3
1596393:car,2
1597973:car,5
1597974:car,5
1598098:car,3
1599134:car,3
159918:car,2
15994:car,6
15997:car,2
1600216:car,3
1600272:car,5
1601479:car,4
1601480:car,9
1601498:car,6
160154:car,7
160155:car,2
160156:car,7
1601967:car,2
1601968:car,2
160253:car,3
1602943:car,2
1602944:car,2
160336:car,2
1603934:car,4
160442:car,2
160445:car,6
1605361:car,3
1605619:car,2
160628:car,4
1607172:car,2
1608721:car,2
1609094:car,4
1609164:car,4
1610149:car,5
1610322:car,5
1610323:car,9
1610357:car,5
1611807:car,4
1612125:car,10
1613188:car,2
1613391:car,3
1613393:car,8
1614839:car,2
1614840:car,11
1615977:car,4
1618580:car,8
162243:car,2
1622888:car,2
1624697:car,3
1624875:car,6
1624973:car,7
1626391:car,4
1626476:car,2
1626477:car,2
1626479:car,2
1626481:car,10
1626678:car,5
1627903:car,2
1629383:car,3
1629447:car,2
1629448:car,10
1629858:car,2
1631157:car,2
1632150:car,3
1632152:car,6
1632632:car,1
1632706:car,7
1633244:car,6
1633271:car,3
1633273:car,4
163404:car,2
1634467:car,2
1634469:car,5
1634621:car,2
1635853:car,6
1636608:car,4
1636610:car,2
1637011:car,2
1637012:car,8
1637062:car,6
1637064:car,2
1637698:car,6
1637699:car,5
1638054:car,2
1638056:car,2
1638177:car,9
1638658:car,6
1639459:car,2
163988:car,7
1640568:car,4
1640569:car,2
1641145:car,2
1642475:car,2
1643245:car,6
1643246:car,2
164345:car,4
164346:car,2
1644238:car,2
1644289:car,3
1644419:car,6
1645265:car,2
1645500:car,6
1645501:car,3
1646076:car,2
1647895:car,5
1647897:car,2
1650256:car,2
1650591:car,8
1650676:car,2
1650677:car,4
1650678:car,2
1650827:car,5
1650828:car,5
1650921:car,2
1650922:car,7
1651326:car,2
1651414:car,2
1651826:car,2
1651827:car,4
1651984:car,4
1653475:car,3
1653494:car,2
1653495:car,5
1653496:car,2
1653933:car,4
1653934:car,5
1654192:car,5
1654194:car,2
1654195:car,4
1655117:car,2
1655118:car,2
1655258:car,2
1655511:car,2
1656692:car,2
1657058:car,4
1657279:car,5
1657681:car,4
1658338:car,4
1658339:car,3
165909:car,4
165910:car,6
1661165:car,6
1662979:car,4
1662980:car,4
166345:car,7
1664515:car,3
1665473:car,2
1665474:car,5
1665698:car,4
1665699:car,2
1666290:car,4
1666291:car,3
1666292:car,2
1666365:car,2
1666366:car,4
1667215:car,5
1667216:car,2
1667910:car,2
1668821:car,2
166902:car,2
1669486:car,2
1669947:car,8
1673342:car,4
1674855:car,2
1676391:car,4
1676441:car,2
1677239:car,5
1677241:car,2
1677293:car,2
1677294:car,2
1677300:car,2
167756:car,6
1677799:car,9
1677802:car,5
1679308:car,11
1679592:car,4
1679593:car,2
1679621:car,7
1679742:car,6
1679743:car,2
1680114:car,2
1680115:car,2
1680443:car,6
1680625:car,2
1680723:car,5
1680944:car,4
1680945:car,2
1684541:car,2
1685577:car,7
1685578:car,2
1685849:car,8
1687021:car,3
1687308:car,2
1688870:car,9
1688974:car,3
1688976:car,13
1689022:car,6
1689023:car,2
1691071:car,2
1691661:car,2
1691664:car,3
1692895:car,2
1693200:car,4
1693201:car,2
1693380:car,6
1694954:car,9
169520:car,2
1695539:car,4
1695540:car,4
1696484:car,2
1696929:car,2
1699192:car,2
1699194:car,4
1701141:car,2
1701563:car,5
170242:car,2
170243:car,4
1702800:car,3
1702971:car,2
1702972:car,3
1703701:car,7
1703926:car,4
1704310:car,9
1704311:car,5
1705254:car,9
1705255:car,2
1705734:car,2
1705797:car,2
1706480:car,7
17065:car,2
1707875:car,3
1707877:car,2
1708006:car,4
1708155:car,6
1708867:car,5
1708871:car,4
170893:car,3
170908:car,4
170909:car,3
1709787:car,1
1709788:car,7
1710591:car,2
1711462:car,4
1711463:car,6
171309:car,3
171423:car,6
1715257:car,4
1715594:car,3
1715821:car,2
1717645:car,6
1717646:car,2
1718510:car,2
1718511:car,2
171929:car,2
171931:car,3
1720270:car,8
17202:car,2
17203:car,2
1721563:car,2
1721783:car,2
1721785:car,2
1722863:car,2
1722864:car,3
1722865:car,5
1723136:car,7
172313:car,2
172314:car,4
172315:car,4
1723727:car,4
1725326:car,2
1725327:car,2
1726203:car,4
1726410:car,4
1726608:car,3
1726731:car,3
1727086:car,6
1727571:car,2
1727573:car,2
1729453:car,4
1729693:car,4
1730235:car,2
1731074:car,2
1731796:car,6
173210:car,3
173211:car,4
1732445:car,6
1732446:car,2
1733814:car,2
1733897:car,3
1733898:car,5
1734461:car,5
1734462:car,2
1734939:car,4
173548:car,5
1735745:car,5
1735746:car,3
1738147:car,3
1738653:car,4
1738654:car,7
1738711:car,5
1739923:car,5
1739925:car,3
17399:car,5
17400:car,8
1740108:car,6
1741718:car,3
1741720:car,12
1741721:car,10
1742141:car,2
1742142:car,7
1742452:car,4
1742453:car,7
1744060:car,4
1744061:car,6
174570:car,2
1746797:car,4
1746798:car,3
1746896:car,7
1747060:car,3
1747104:car,4
174869:car,3
174870:car,2
1749109:car,3
174921:car,7
1750289:car,2
1751068:car,5
1751294:car,6
1751296:car,2
1752300:car,6
1753034:car,3
1754285:car,2
1754548:car,5
1754549:car,4
1756817:car,3
1758548:car,6
1758549:car,3
1758761:car,3
1759132:car,8
1759135:car,8
1759213:car,3
1760343:car,8
1760487:car,4
1760489:car,7
176078:car,2
176079:car,2
1761677:car,9
1761678:car,6
1762012:car,4
1763403:car,8
1764405:car,4
1764572:car,4
1765367:car,2
1765368:car,6
1765814:car,5
1765815:car,4
1768989:car,5
1768990:car,5
176949:car,6
1769779:car,4
1769780:car,2
1772334:car,2
1772571:car,6
1774350:car,2
1775384:car,10
1776873:car,2
1776874:car,2
1778580:car,4
1778581:car,4
1779421:car,6
177984:car,2
1780836:car,7
1781006:car,2
1782135:car,10
1782483:car,5
1782486:car,3
1784451:car,2
1784658:car,4
1784659:car,4
1785085:car,6
1785086:car,4
1785590:car,2
1786273:car,2
1787235:car,2
1787440:car,2
1787608:car,5
1788200:car,2
1788777:car,7
1789204:car,5
1789205:car,2
1789206:car,2
1789621:car,4
1789622:car,6
1792589:car,3
1794309:car,5
1794481:car,2
1795252:car,2
1795253:car,5
1795255:car,2
1797156:car,2
1797157:car,6
1797251:car,3
1798048:car,9
1798278:car,6
1798298:car,2
1798299:car,7
1798300:car,1
1799624:car,4
1801045:car,8
1803129:car,7
1805244:car,5
1805346:car,2
1805347:car,6
1806468:car,3
1806590:car,2
1806793:car,7
1806795:car,2
1806978:car,2
1808236:car,5
1808238:car,8
1808661:car,7
180883:car,4
1809474:car,4
1811123:car,2
1811781:car,2
1811782:car,4
1812625:car,7
1812964:car,9
1813952:car,2
1818230:car,9
181880:car,4
1819441:car,2
1819533:car,3
1820022:car,2
1820023:car,6
1820398:car,2
1820399:car,9
1820905:car,5
1820946:car,2
182302:car,4
1825279:car,2
1826479:car,2
182655:car,5
1827748:car,14
1827951:car,2
1827952:car,2
1829200:car,2
1829201:car,4
1832379:car,2
1832380:car,1
1833559:car,4
1834414:car,2
1834415:car,6
1834842:car,7
1835387:car,7
1835388:car,5
1835470:car,6
1835471:car,3
1836597:car,2
1836723:car,6
1836799:car,3
1836800:car,4
1837310:car,6
1837748:car,5
1838135:car,8
1838690:car,3
1838691:car,8
1839712:car,5
1840100:car,7
1841143:car,2
1841609:car,7
1841610:car,3
1842436:car,3
1843970:car,2
1843971:car,2
1847533:car,5
1849882:car,5
1849883:car,4
1850405:car,2
1851338:car,3
1851340:car,3
1851665:car,4
185216:car,2
185217:car,5
185218:car,4
185219:car,4
1854108:car,2
1855090:car,3
1855318:car,2
1855319:car,3
1856380:car,3
1856381:car,4
18563:car,1
18564:car,4
1856602:car,2
1857987:car,2
1857988:car,2
1859101:car,8
1859497:car,2
1860029:car,6
1860031:car,2
1862052:car,2
1862385:car,2
1862386:car,10
186287:car,8
186288:car,5
1864932:car,2
1865125:car,9
1865126:car,2
1865127:car,3
1866365:car,3
1866366:car,2
1866367:car,4
1866368:car,6
1866370:car,2
1866371:car,2
1866507:car,9
1868111:car,3
1868113:car,7
1868964:car,6
1868965:car,3
1869522:car,3
1869523:car,5
1869524:car,2
1869525:car,2
1869678:car,2
1869679:car,7
1870177:car,3
1870627:car,4
1870856:car,2
1871208:car,6
1872419:car,2
1873805:car,1
1874000:car,2
1874276:car,6
1874277:car,6
187712:car,6
1878169:car,2
1878303:car,2
1878304:car,2
1879017:car,4
1879547:car,5
1879549:car,9
1879550:car,6
1879969:car,3
1880219:car,4
1880220:car,8
1880887:car,5
1880888:car,4
188131:car,4
188132:car,2
1883926:car,5
1883927:car,2
1884280:car,5
1884946:car,4
1884947:car,5
1885094:car,2
1885097:car,7
1885702:car,2
1886691:car,4
1886692:car,3
1887172:car,2
1887457:car,2
1888131:car,2
1888132:car,4
1888363:car,2
1888368:car,2
1888584:car,2
1889715:car,2
1889940:car,6
1890326:car,6
1890328:car,6
1890460:car,1
1890461:car,2
1890914:car,2
1890916:car,10
1891918:car,2
1892231:car,8
1892232:car,2
189252:car,6
189254:car,4
189278:car,4
1893607:car,2
1893934:car,2
1894071:car,2
1894451:car,4
189552:car,4
189554:car,7
1895733:car,2
1896233:car,3
1896879:car,2
1896880:car,3
1897322:car,4
1898154:car,2
1898449:car,4
1898450:car,2
1898756:car,2
1898759:car,9
1899921:car,2
1900863:car,2
1900864:car,4
1901049:car,4
1901526:car,4
1901527:car,2
1901778:car,2
1901988:car,8
1902705:car,4
1902761:car,4
1902762:car,4
1902763:car,6
1903365:car,4
1903366:car,4
1904282:car,2
1904284:car,6
1904472:car,2
1904473:car,2
1906153:car,3
1906446:car,2
1906466:car,5
1907:car,6
1908:car,6
1909:car,3
1910610:car,4
191074:car,2
1910993:car,2
1910994:car,2
1911248:car,2
1911390:car,2
1911391:car,4
1911408:car,4
1911409:car,2
1911841:car,6
1911993:car,4
1911994:car,2
1912032:car,10
1913304:car,8
1913306:car,2
1914872:car,4
1915137:car,2
1915138:car,2
1915139:car,5
1915298:car,2
1915299:car,4
1915300:car,2
1915301:car,7
1918096:car,4
1918253:car,4
1918346:car,4
1918347:car,4
1920260:car,3
1921526:car,7
1921529:car,2
1921908:car,2
1922876:car,2
1922877:car,2
1923252:car,6
1923253:car,2
1923254:car,2
1923827:car,4
1924148:car,4
1924188:car,4
1924659:car,2
1924660:car,2
1925894:car,4
192673:car,2
1926870:car,5
1926871:car,4
192795:car,4
192796:car,2
1927973:car,2
1928067:car,2
1928198:car,2
1928199:car,2
1928903:car,2
1928904:car,2
1929449:car,4
1929974:car,4
1929975:car,6
1932620:car,6
1932931:car,2
1933974:car,2
1933975:car,3
193402:car,4
1934107:car,2
1934108:car,2
1934315:car,2
1934541:car,2
1935032:car,2
1935082:car,2
1935083:car,2
1935084:car,4
1935654:car,4
1935655:car,2
1936375:car,1
1937137:car,2
1937724:car,4
1937725:car,2
1937815:car,9
1937931:car,2
1938172:car,2
1938176:car,2
1938353:car,2
1940082:car,2
1940156:car,2
1940370:car,2
1940371:car,6
1940966:car,2
1941758:car,9
1941987:car,4
1942260:car,2
1942306:car,1
1942307:car,7
1942820:car,2
1943242:car,6
1943445:car,2
1943953:car,2
1943954:car,4
1944638:car,4
1945113:car,2
194599:car,2
1946648:car,2
1946649:car,3
1946650:car,4
1947322:car,8
1947670:car,4
1947671:car,2
1948288:car,2
1948290:car,4
1948992:car,4
1948993:car,2
194899:car,3
1949165:car,2
1949520:car,4
1951263:car,2
1951561:car,4
1951562:car,2
1952201:car,4
1952230:car,4
1952352:car,4
1953214:car,4
1953431:car,2
1953432:car,2
1953560:car,3
1953561:car,3
195393:car,2
195395:car,2
1955848:car,2
1955849:car,2
1956098:car,2
1956104:car,2
1956105:car,9
1956341:car,2
1956342:car,2
1956343:car,2
1956631:car,2
1956661:car,2
1956662:car,2
1956663:car,4
1956664:car,4
1957776:car,2
1957777:car,4
1957833:car,2
1957834:car,3
1960159:car,4
1960160:car,2
1960161:car,2
1961631:car,10
1962183:car,10
1962184:car,4
1962283:car,5
1962285:car,5
1963295:car,4
1963297:car,4
1963646:car,7
1963647:car,4
1963857:car,2
1963860:car,2
196395:car,2
196396:car,2
196397:car,4
1964035:car,4
1964038:car,2
1965734:car,2
1965771:car,4
1965772:car,3
196686:car,2
196687:car,2
1966:car,2
1967449:car,4
1967742:car,2
1967743:car,2
1967744:car,2
1967745:car,3
1970764:car,2
1970765:car,2
1971623:car,6
1971624:car,6
1972995:car,6
1972996:car,2
1973759:car,2
1974953:car,3
1975917:car,2
1975918:car,6
1976947:car,6
1977777:car,10
1977778:car,2
1978149:car,4
1978150:car,3
1978688:car,6
1978689:car,2
1978701:car,3
1978702:car,2
1978703:car,2
1979409:car,3
1980538:car,2
1981021:car,10
1981022:car,2
1981462:car,2
1983888:car,4
1983890:car,6
1983911:car,2
1984883:car,4
1985148:car,6
1986186:car,2
1986805:car,4
1986806:car,4
1987315:car,2
1987671:car,2
1987673:car,3
1987903:car,2
1988253:car,10
1988254:car,3
1988569:car,2
1988778:car,2
1988779:car,2
1990472:car,2
1990634:car,7
1990861:car,6
1990888:car,3
1991007:car,3
1991008:car,4
1991086:car,2
1991087:car,3
1991089:car,5
1991090:car,2
1991163:car,2
1991165:car,4
1991960:car,2
1992269:car,5
1992279:car,4
1993355:car,2
1993356:car,3
1993406:car,2
1993407:car,2
1993430:car,2
1993769:car,3
1994763:car,2
1995146:car,4
1995147:car,2
1995718:car,4
1996476:car,2
1996477:car,2
1996478:car,2
1997557:car,4
1997558:car,3
1998191:car,4
1999370:car,4
1999371:car,4
1999372:car,4
1999556:car,2
1999557:car,5
1999855:car,1
1999857:car,2
1999858:car,3
2001030:car,4
2001156:car,4
2001158:car,4
2002969:car,4
2002970:car,4
2002977:car,7
2002978:car,5
2003011:car,2
200326:car,6
200327:car,4
2004642:car,2
2004643:car,2
200484:car,2
200486:car,2
2005489:car,2
2005643:car,2
2005657:car,2
2005658:car,3
2006269:car,4
2006270:car,5
2009138:car,2
2009244:car,3
2009248:car,4
2009382:car,3
2009900:car,2
2009901:car,7
2010220:car,4
2010221:car,2
2010595:car,2
2010802:car,3
2011545:car,2
2011641:car,2
2011642:car,2
2011645:car,6
201201:car,3
2014966:car,6
2014967:car,3
2015212:car,5
201622:car,4
201623:car,5
2016614:car,10
2018150:car,3
2018151:car,3
2018152:car,2
2018328:car,2
2018329:car,2
2018792:car,2
2018793:car,3
2018973:car,5
2018974:car,5
2018976:car,5
2018977:car,5
2019046:car,2
2019929:car,2
2020971:car,3
2021505:car,2
2021597:car,2
202270:car,3
202301:car,4
202302:car,4
2023612:car,4
2023748:car,2
2023749:car,3
2023750:car,2
2024314:car,2
2024316:car,4
2025196:car,2
2025198:car,3
2025485:car,8
2025486:car,4
2025906:car,2
2026860:car,2
2026861:car,4
2027964:car,3
2028016:car,6
2028031:car,5
2028121:car,5
2028122:car,2
2028123:car,2
2028124:car,2
2028126:car,3
2028186:car,9
2028329:car,2
2029078:car,2
2029079:car,3
2029080:car,2
2029723:car,2
2029880:car,2
2029881:car,3
2032276:car,2
2033420:car,2
2033932:car,4
203423:car,3
2034524:car,4
203532:car,3
2035377:car,3
2036093:car,8
2036094:car,4
2036095:car,2
2036306:car,3
2036906:car,4
203711:car,2
203712:car,2
203753:car,6
203754:car,6
203756:car,4
203757:car,2
2037630:car,4
2039281:car,4
2039529:car,2
2039530:car,2
2040080:car,8
2040083:car,2
204034:car,2
204035:car,3
2040533:car,3
2040534:car,2
2041911:car,3
2041912:car,6
2043321:car,2
2043874:car,1
2043876:car,3
2044738:car,2
2045434:car,4
204548:car,5
204549:car,4
2046413:car,2
2046414:car,4
2046423:car,2
2046517:car,5
2046667:car,2
2046820:car,2
2047749:car,2
2047751:car,2
2049033:car,2
2049717:car,2
2050844:car,3
2050869:car,4
2051708:car,8
2052251:car,2
2052253:car,7
2052458:car,2
2052906:car,5
2053106:car,2
2053107:car,2
2053585:car,4
205600:car,2
205603:car,2
2056393:car,2
2057227:car,3
2058463:car,2
2058636:car,4
2059231:car,5
2059233:car,2
2060903:car,2
2060904:car,2
2062876:car,3
2062878:car,8
2063284:car,4
2063285:car,3
2063457:car,9
2064133:car,2
2064134:car,2
2065018:car,2
2065019:car,6
2065142:car,2
2065496:car,4
2065499:car,9
2065917:car,6
2067483:car,2
2067484:car,2
2067682:car,2
2068472:car,5
2068823:car,2
2069110:car,4
2069211:car,6
2069212:car,4
2070062:car,6
2070063:car,2
2070366:car,2
2071286:car,4
2071902:car,7
207222:car,7
207346:car,6
2074094:car,8
2074150:car,5
2074207:car,4
2074208:car,1
2075051:car,2
2075143:car,1
2075144:car,4
2075250:car,2
2075294:car,3
2075295:car,4
2075611:car,4
2076423:car,2
2077983:car,2
2077984:car,2
2077985:car,4
2078040:car,2
207859:car,4
207862:car,2
2078735:car,10
2078736:car,2
2079596:car,3
2079597:car,4
2080011:car,2
2080012:car,2
2080166:car,3
2080168:car,2
2080169:car,2
2080551:car,3
2080552:car,5
208067:car,4
2080899:car,5
2081031:car,4
2081034:car,8
208155:car,2
2082049:car,3
2082050:car,5
2082051:car,2
2082052:car,2
2082477:car,4
2083039:car,4
2083439:car,5
2083440:car,2
2084893:car,2
2084894:car,2
2084979:car,5
2084980:car,4
2085450:car,10
2085451:car,5
2085703:car,5
2085960:car,3
2086750:car,2
2087351:car,2
2087352:car,2
2088833:car,4
2088933:car,6
2089081:car,3
2089082:car,3
208916:car,2
208917:car,4
208918:car,2
2089519:car,2
2089521:car,4
2089703:car,8
2091397:car,7
2091398:car,4
2092959:car,2
2092960:car,8
2093013:car,4
2093035:car,2
2093036:car,6
2094470:car,4
2094471:car,10
2095464:car,2
2096551:car,4
2096993:car,2
2098148:car,2
2098411:car,4
2098592:car,6
2098594:car,4
2099650:car,2
2100958:car,5
2100959:car,2
2101062:car,3
2101394:car,2
2101518:car,2
2101519:car,6
2101735:car,2
2102057:car,4
2102058:car,2
2102094:car,4
2104396:car,2
2104436:car,2
2106067:car,2
2106070:car,2
2106071:car,4
2106868:car,2
2106869:car,2
2108359:car,2
2108858:car,5
2110758:car,6
2111164:car,2
2111464:car,2
2111466:car,4
2111467:car,5
2111559:car,2
2112917:car,7
2112918:car,2
2113078:car,8
2113454:car,2
2113696:car,2
2114173:car,4
2115457:car,7
211602:car,3
2116217:car,3
2116218:car,10
2117129:car,3
2118247:car,7
2119416:car,3
2119690:car,4
212085:car,2
2121127:car,4
2125365:car,3
2125366:car,2
2126329:car,2
2126330:car,6
212637:car,10
212639:car,2
2126:car,3
2128484:car,6
2128492:car,2
2128493:car,2
2128494:car,4
2128552:car,4
2128553:car,5
2132176:car,5
2132179:car,2
2132272:car,2
2132273:car,3
2132396:car,10
2132397:car,2
2132452:car,2
2132481:car,3
2132546:car,4
2133350:car,7
2133352:car,6
2133642:car,2
2133643:car,2
2134045:car,7
2134046:car,2
2134073:car,4
2134076:car,4
2134490:car,2
2134491:car,5
2135147:car,6
2135148:car,6
2135609:car,4
2135610:car,5
2136047:car,2
2136048:car,3
2136200:car,2
213679:car,2
2137499:car,2
2137500:car,2
2137836:car,4
2137837:car,4
2138701:car,5
2139550:car,9
2139582:car,2
2139583:car,2
2140351:car,6
2140352:car,2
2141101:car,6
2141102:car,2
2142818:car,3
2142819:car,2
2143018:car,6
2143310:car,2
2143527:car,6
2143528:car,2
2143529:car,2
2144271:car,2
2144763:car,2
2145343:car,2
2145594:car,3
2147623:car,2
2147857:car,2
2148030:car,4
2148031:car,2
2148151:car,2
2148919:car,3
2148920:car,4
2148921:car,7
2148922:car,4
2149159:car,4
2149160:car,6
2149336:car,2
2149337:car,2
2149903:car,2
215170:car,2
215171:car,6
215172:car,2
215195:car,8
215196:car,2
2152249:car,4
2152589:car,4
2152590:car,6
2152954:car,6
2154020:car,3
2154021:car,2
215422:car,4
2154747:car,4
2156197:car,2
2156198:car,5
2156199:car,5
2156200:car,3
2156320:car,2
2156321:car,4
2156551:car,3
2156553:car,2
2156863:car,7
2157351:car,4
2157352:car,8
2159442:car,2
2159444:car,4
2159445:car,3
2160821:car,2
2160822:car,4
2161595:car,3
2161596:car,4
2164199:car,2
2164857:car,3
2164858:car,4
2164859:car,2
2166146:car,6
2166275:car,2
2166276:car,4
2166401:car,2
2167037:car,4
2167038:car,6
2167041:car,3
216751:car,6
216752:car,2
2167547:car,3
2167690:car,7
2167841:car,4
2167843:car,10
2168125:car,5
2168664:car,2
2168714:car,5
21688:car,4
2168961:car,4
21689:car,9
21690:car,2
2171058:car,4
2172573:car,2
2172575:car,1
2173361:car,2
2173537:car,2
2173538:car,2
2173847:car,2
2173848:car,3
2173849:car,5
2174148:car,4
2174285:car,2
2174522:car,2
2175094:car,2
2175642:car,4
2175995:car,3
2176482:car,4
2176483:car,2
2176730:car,2
2178266:car,2
2178267:car,4
2179175:car,3
217931:car,1
217932:car,2
2179427:car,4
2179428:car,4
2179975:car,2
2180174:car,2
2180291:car,4
2180292:car,4
2181105:car,2
2182336:car,2
2182338:car,2
218319:car,2
2183612:car,4
218385:car,6
2185366:car,2
218555:car,4
2186224:car,4
2186244:car,2
2186452:car,2
2187669:car,2
2188312:car,5
2188313:car,2
2188314:car,7
2188315:car,2
2189268:car,7
2189816:car,4
2189822:car,6
2190261:car,4
2191269:car,5
2191311:car,4
2191312:car,2
2191313:car,3
219144:car,4
219145:car,6
219146:car,5
219147:car,3
2192973:car,4
2192974:car,11
2193285:car,2
2193353:car,2
2193384:car,2
219349:car,2
219350:car,6
2194494:car,2
2194496:car,6
2194867:car,2
2196891:car,5
2197281:car,2
2197428:car,2
2197430:car,4
2197512:car,4
2197863:car,2
2197864:car,2
219870:car,4
219871:car,3
2199342:car,2
2201516:car,7
2201814:car,9
220181:car,2
2202646:car,4
2202720:car,2
2202721:car,5
2203033:car,2
2203036:car,2
2203050:car,2
2203051:car,2
2203377:car,1
220446:car,4
220448:car,3
22044:car,6
2204613:car,2
2205273:car,2
2205274:car,2
2205874:car,5
220594:car,8
2206209:car,6
2206210:car,2
2206517:car,3
2207184:car,2
2207185:car,3
2207186:car,2
2207668:car,2
2207897:car,2
22082:car,4
220865:car,2
220867:car,6
2209078:car,4
2211460:car,9
2211463:car,6
2213042:car,2
2213423:car,5
2214757:car,6
2215578:car,4
2215579:car,8
2217401:car,5
2217403:car,2
2220627:car,2
2220630:car,4
2221508:car,4
2222895:car,7
2223251:car,2
2223758:car,5
2224260:car,2
2224261:car,2
2224869:car,4
2224870:car,7
222513:car,2
222514:car,3
2225687:car,2
2229526:car,4
2229833:car,3
2231123:car,8
2231125:car,5
2231413:car,9
2232087:car,4
2232088:car,3
2232253:car,2
2232961:car,7
2232962:car,1
2232963:car,6
2232964:car,3
223301:car,2
2233313:car,2
2233316:car,2
223587:car,8
223589:car,4
223590:car,4
2235980:car,2
2235981:car,2
2237447:car,3
2237448:car,4
2237639:car,2
2237892:car,4
2238320:car,2
2238321:car,2
2238617:car,4
2238618:car,8
2238619:car,2
2239199:car,7
2239200:car,3
2239201:car,4
2240657:car,5
2241040:car,2
2241158:car,2
2241569:car,4
2242841:car,5
2242842:car,5
224314:car,2
2244186:car,2
2244187:car,2
2244188:car,2
2244318:car,4
224438:car,4
224439:car,2
2244483:car,4
2244484:car,2
2244485:car,2
2245354:car,4
2245582:car,4
2245761:car,5
2247070:car,2
2248179:car,2
2248377:car,4
22485:car,2
22486:car,8
2248864:car,2
2249066:car,4
224927:car,2
224928:car,2
2250221:car,10
2250222:car,2
2252184:car,3
2252826:car,2
2253019:car,2
2253020:car,4
2253161:car,2
2254591:car,2
2256421:car,6
2256871:car,2
2256872:car,4
2256874:car,2
2257666:car,2
2258055:car,2
2258287:car,5
2258288:car,4
2259517:car,8
2260054:car,6
2260404:car,2
2260684:car,2
226167:car,3
226244:car,4
2263053:car,5
2263093:car,8
2263094:car,2
2263361:car,2
2263362:car,4
2263363:car,2
2263813:car,1
226429:car,2
226430:car,6
2264762:car,2
2265690:car,2
2265692:car,5
2265887:car,4
2265888:car,4
2266426:car,7
2266427:car,2
2266861:car,2
2266862:car,2
2267456:car,4
2267654:car,4
2267655:car,2
226808:car,6
2269607:car,2
2269639:car,2
2269640:car,3
2269678:car,1
2269679:car,4
227038:car,5
2270617:car,2
2270618:car,4
2270620:car,2
2272107:car,6
2272108:car,2
2273280:car,4
2273281:car,5
2273282:car,6
2274810:car,2
2275611:car,2
2275612:car,2
227656:car,2
227657:car,2
2277330:car,2
2277331:car,4
2278564:car,5
2278974:car,4
2278975:car,2
2279937:car,1
2279938:car,10
2279968:car,2
2280376:car,4
228074:car,4
228075:car,3
2281755:car,2
2281994:car,2
2281995:car,4
2282228:car,2
2282229:car,2
2284199:car,4
2284200:car,5
2284201:car,2
2284762:car,6
2285084:car,2
2285085:car,3
228543:car,2
228544:car,2
2285885:car,5
2285988:car,2
228666:car,3
2286925:car,4
2286927:car,2
2288063:car,4
2288064:car,5
2288177:car,2
2288238:car,4
2288360:car,8
2288361:car,2
2288420:car,5
2289469:car,2
2289478:car,2
2289524:car,4
2289708:car,2
2290137:car,4
2290138:car,2
2292674:car,3
2292675:car,4
2292688:car,2
2292689:car,2
2292919:car,2
2293233:car,9
2293235:car,4
2293815:car,2
2295107:car,3
2296173:car,2
2296174:car,4
2296175:car,4
2296176:car,5
2297931:car,3
2297932:car,3
229836:car,2
229838:car,2
229894:car,2
229899:car,5
2299832:car,4
2299876:car,4
2299877:car,2
230010:car,9
2300324:car,4
2302492:car,2
2302683:car,4
2302684:car,2
230325:car,4
230338:car,2
2304267:car,2
2305153:car,2
2305154:car,2
230632:car,2
2306381:car,2
2306382:car,6
2307101:car,4
2307102:car,2
2309222:car,2
2309223:car,4
231075:car,2
2311106:car,4
2311108:car,5
2311492:car,3
2311947:car,2
2312419:car,4
2312421:car,4
2312941:car,2
2312942:car,4
2312943:car,9
2312944:car,6
2314923:car,2
2315170:car,6
2315774:car,2
2318946:car,4
2319162:car,4
2319400:car,4
2319402:car,6
2319736:car,4
2319737:car,2
232076:car,6
2320830:car,4
2320831:car,5
2320861:car,2
2321680:car,5
2321979:car,4
2321980:car,10
2323052:car,5
2323055:car,4
232394:car,1
232395:car,2
232396:car,2
2324735:car,5
2325147:car,3
2326004:car,2
2327341:car,3
2327698:car,5
2329565:car,3
2329568:car,3
2330162:car,3
2330768:car,2
2331103:car,3
2331104:car,2
233156:car,2
2333505:car,2
2333506:car,2
2333676:car,2
2333678:car,2
2334004:car,2
2334308:car,2
2334682:car,2
2336103:car,4
2336424:car,3
2336425:car,4
2336426:car,4
2336977:car,4
2338046:car,4
2338047:car,2
2338048:car,5
2339194:car,2
2339504:car,2
2339505:car,5
233982:car,5
2341421:car,4
2341422:car,7
2341611:car,6
2341710:car,6
2341711:car,2
2343512:car,6
234367:car,6
2344136:car,3
2344138:car,6
2344139:car,2
2345156:car,5
2345220:car,4
2345221:car,3
2345311:car,9
2345312:car,4
2348338:car,5
2348339:car,2
2348459:car,7
2348505:car,7
2348557:car,2
2349329:car,3
2349331:car,9
2350864:car,2
2350973:car,4
2351288:car,3
2351289:car,5
2351337:car,2
2351338:car,4
2351840:car,4
2351841:car,4
2351982:car,2
2352140:car,4
2352862:car,4
2352863:car,5
2353063:car,2
2353064:car,2
2353088:car,4
2353089:car,2
2353381:car,4
2354897:car,2
2356271:car,5
2356457:car,2
2356792:car,2
2356793:car,2
2356916:car,2
2357328:car,3
2358772:car,2
2358773:car,2
2359405:car,2
2359406:car,4
23597:car,4
23598:car,8
2360108:car,2
2361581:car,5
2361905:car,6
23621:car,3
2362729:car,3
2363160:car,3
2363608:car,3
2364415:car,2
2365756:car,2
2365757:car,2
2365758:car,4
2367128:car,1
2367175:car,4
2367176:car,3
2372090:car,6
2372091:car,7
2373261:car,2
2373266:car,3
2374002:car,3
2374003:car,6
2374957:car,2
2374960:car,6
2375824:car,2
2376583:car,4
237715:car,3
237716:car,9
2377648:car,2
237789:car,2
237790:car,7
2379697:car,5
2379699:car,2
2380131:car,3
2380132:car,2
2381331:car,5
2381969:car,4
2382475:car,2
2382831:car,4
2382832:car,10
2383949:car,2
2383956:car,6
2383957:car,4
2385250:car,2
2386101:car,3
2386913:car,4
2387773:car,2
2387774:car,6
2388682:car,2
2388716:car,2
2388733:car,8
238916:car,5
238917:car,2
2389528:car,5
2389529:car,2
2389641:car,7
2389715:car,2
2391138:car,4
2391901:car,4
2392168:car,4
2393223:car,4
2393224:car,2
239338:car,4
2394118:car,2
2394119:car,2
2394335:car,7
239436:car,2
2395001:car,6
2395677:car,4
2395789:car,4
2397252:car,2
2397253:car,3
2397407:car,2
2398137:car,6
2398643:car,3
2399773:car,2
2400393:car,6
2400395:car,2
240054:car,2
240055:car,3
240433:car,2
2405161:car,2
2405806:car,5
2405807:car,2
2406186:car,2
2406755:car,4
2406780:car,4
2406782:car,2
2406993:car,1
2406994:car,5
2408183:car,4
2409231:car,2
2409873:car,6
2409874:car,8
2410145:car,3
2411248:car,2
2411249:car,4
2411278:car,4
2411654:car,2
2411656:car,2
2411889:car,5
2411890:car,5
2412962:car,2
2412964:car,6
2412965:car,5
2413081:car,2
2413887:car,3
2413888:car,3
2414051:car,2
2414961:car,5
2414962:car,2
2415335:car,4
2415336:car,2
2416022:car,2
2416679:car,4
2416680:car,2
2416681:car,5
2417549:car,2
2417550:car,2
2417796:car,3
2417797:car,3
2418412:car,8
2418772:car,2
2418787:car,7
2418788:car,4
2418789:car,2
2418791:car,2
2419205:car,3
2419309:car,2
2419664:car,2
2419665:car,2
2420150:car,4
2420152:car,2
242106:car,2
2421070:car,3
242107:car,5
2421165:car,2
2421167:car,6
2421699:car,2
2421700:car,2
2421701:car,6
242193:car,4
2421943:car,6
2421944:car,4
2422296:car,2
2422297:car,5
2422704:car,2
242272:car,3
242273:car,4
2423070:car,3
2423071:car,4
242312:car,2
2423241:car,4
2423242:car,8
2425777:car,4
2425778:car,5
2425779:car,6
2427223:car,2
2427224:car,10
2427225:car,4
2427583:car,2
2427584:car,2
2427929:car,3
2429556:car,2
2429650:car,2
242976:car,2
242977:car,3
2429870:car,2
2430017:car,2
2430252:car,2
2430754:car,2
2431975:car,4
2432399:car,4
2432549:car,2
2432550:car,2
2432551:car,2
2432553:car,5
2433766:car,2
2434306:car,5
243523:car,6
243524:car,6
2435258:car,2
243525:car,6
2435868:car,4
2436867:car,2
2436869:car,2
2437823:car,2
2437824:car,4
2438363:car,2
2439958:car,4
2440344:car,2
2440345:car,3
2440939:car,9
2441185:car,2
2441205:car,2
2441206:car,6
2442046:car,3
2442071:car,4
2442558:car,3
2442755:car,3
244281:car,1
244284:car,2
2444150:car,2
2444333:car,2
2444405:car,3
2444407:car,3
2444626:car,2
244514:car,2
244517:car,2
2446073:car,2
2446910:car,9
2446911:car,4
2448801:car,2
2448802:car,2
2448804:car,3
2448805:car,6
2448806:car,2
2448807:car,4
2449610:car,2
2449612:car,2
2450409:car,4
2450410:car,2
2451560:car,6
2451561:car,7
2451562:car,2
2451797:car,2
2453417:car,4
2453419:car,4
245552:car,3
2456613:car,2
2456614:car,8
245764:car,2
2457710:car,2
2458349:car,2
2458863:car,2
2459546:car,3
2460541:car,4
2460802:car,8
2461064:car,4
2461065:car,2
2461067:car,9
2462482:car,2
2464360:car,3
2464361:car,3
2464556:car,4
2465602:car,2
2465603:car,2
2465604:car,2
2465840:car,2
2465843:car,2
2468046:car,2
2468871:car,6
2468872:car,2
2469411:car,8
2469413:car,2
2469524:car,4
2469525:car,4
2469885:car,4
2470904:car,6
2471263:car,2
2471311:car,3
2471312:car,6
2472019:car,2
2472020:car,2
2472119:car,3
2472120:car,2
2473387:car,3
2473781:car,2
2473782:car,6
2474066:car,2
2474068:car,2
2474069:car,4
2474118:car,2
2474313:car,2
2474596:car,4
2474597:car,2
2475052:car,2
247561:car,2
2476227:car,7
2477765:car,2
2478430:car,5
2479423:car,5
2479637:car,2
2480654:car,4
2480655:car,2
2481184:car,2
2481333:car,4
2481334:car,2
2481335:car,2
2481337:car,9
2481382:car,2
2482934:car,3
2482935:car,4
2483108:car,2
2483598:car,2
2484109:car,3
2484110:car,11
2484507:car,2
2484508:car,4
2484509:car,1
2491322:car,3
2491466:car,5
2491549:car,4
2491551:car,3
2492260:car,2
2493200:car,2
2493202:car,2
2493812:car,3
2494060:car,2
2494293:car,3
2494294:car,2
2494717:car,3
2495025:car,2
2495596:car,3
2495653:car,4
2495654:car,2
2496603:car,2
249694:car,2
2498018:car,5
2498021:car,8
2498307:car,3
2498308:car,2
2500190:car,6
2500194:car,4
250084:car,2
2502335:car,2
2502336:car,2
2502717:car,3
2503156:car,2
2503931:car,5
2504568:car,2
2504687:car,2
2504689:car,2
2504796:car,2
2504798:car,3
2505192:car,2
2507370:car,6
2507371:car,3
2507409:car,4
2507514:car,2
2507515:car,3
2507870:car,2
2510066:car,4
2510067:car,2
2511212:car,8
2513653:car,5
2513654:car,2
2513768:car,5
2514801:car,4
2515243:car,4
2515367:car,7
251609:car,4
251610:car,2
251611:car,7
2516143:car,4
2516221:car,4
2516225:car,5
2516226:car,2
2516354:car,9
2516557:car,2
2516558:car,5
251711:car,3
2517943:car,4
2517944:car,8
2518428:car,6
2518430:car,5
2519040:car,8
2519779:car,2
2520994:car,4
2521712:car,2
2521714:car,2
2522862:car,2
2522863:car,2
2522866:car,4
252313:car,2
2523251:car,4
2523431:car,5
2523432:car,2
2523433:car,4
2523510:car,6
2523511:car,2
2523865:car,2
2524331:car,3
2524333:car,6
2524643:car,4
2524666:car,6
2524667:car,4
2524905:car,4
2525377:car,8
2525732:car,2
2525733:car,2
2527871:car,2
2528348:car,6
2528349:car,3
2529051:car,2
2529987:car,2
2530325:car,2
2530597:car,2
2530598:car,2
2530604:car,8
2530945:car,4
2531151:car,2
2531851:car,6
2531852:car,2
2532130:car,6
2532131:car,6
2533279:car,2
2533280:car,4
253363:car,2
253364:car,6
2535404:car,2
2535407:car,5
2535736:car,4
2535768:car,4
2535769:car,11
2536425:car,3
2536939:car,2
2536941:car,5
2537868:car,4
2539529:car,4
2540043:car,3
2540044:car,9
2540281:car,2
2540282:car,4
2541950:car,6
2541951:car,6
2543164:car,6
2543166:car,5
2543318:car,2
2543319:car,2
2543365:car,2
2543435:car,4
2543436:car,6
2544053:car,2
2544589:car,4
2544590:car,2
25446:car,3
25449:car,8
2546098:car,6
2546099:car,3
2546367:car,8
2546368:car,2
2547226:car,2
2548080:car,2
2548632:car,2
254904:car,4
254905:car,2
254906:car,2
2549370:car,2
2549371:car,2
2550185:car,2
2550186:car,2
2550187:car,5
2550704:car,4
2551330:car,2
2551897:car,2
2551898:car,4
255222:car,6
255223:car,2
2553616:car,2
2555011:car,3
2555480:car,6
2555481:car,4
2556110:car,4
2556946:car,2
2556948:car,6
2557621:car,6
2557622:car,2
2557846:car,4
2558716:car,4
2559089:car,2
2559617:car,4
2559618:car,4
2559780:car,4
2560050:car,2
2560243:car,6
2560382:car,6
2560383:car,5
2560682:car,6
2560683:car,2
2560732:car,5
2560774:car,7
2560775:car,3
2563515:car,2
2563516:car,3
2563517:car,2
2564046:car,4
2564047:car,2
2564453:car,2
2564756:car,4
2565955:car,4
2565956:car,4
2566579:car,6
2566581:car,4
2567793:car,3
2567835:car,6
2568140:car,10
2568142:car,3
2568473:car,2
2568474:car,4
2568475:car,6
2568665:car,4
2568730:car,2
2568731:car,7
257064:car,6
257065:car,3
2570778:car,2
2572019:car,4
2573056:car,2
2573057:car,2
2573798:car,2
2574395:car,6
2574570:car,2
2574571:car,2
257457:car,2
257458:car,2
2575272:car,2
2575273:car,2
25756:car,2
25757:car,2
2576288:car,2
2577210:car,7
2577212:car,5
2577312:car,3
2577417:car,2
2578112:car,2
2578113:car,2
25800:car,3
2581796:car,6
2581797:car,2
2582083:car,2
2582084:car,2
2582399:car,2
258256:car,2
258257:car,2
258476:car,2
2585368:car,3
2585369:car,2
2585948:car,3
2585949:car,2
258630:car,2
258631:car,2
2586529:car,3
2586530:car,8
2587387:car,4
2587388:car,2
258752:car,2
258753:car,3
258754:car,2
258755:car,2
2588692:car,5
2589564:car,2
2589813:car,4
2591052:car,4
2591054:car,2
2591055:car,2
2591101:car,5
2591164:car,4
2591166:car,2
259126:car,2
259128:car,10
259129:car,4
2591528:car,2
2593284:car,2
2593516:car,6
2594299:car,4
2596635:car,4
2597436:car,3
2597437:car,3
2597438:car,4
2597652:car,2
2597653:car,6
2598216:car,7
2600129:car,4
2600130:car,9
2600700:car,2
2600701:car,3
2603305:car,2
2603306:car,3
2604192:car,4
2605571:car,4
2606750:car,9
2606751:car,3
2606778:car,2
2606779:car,5
2607287:car,6
2607288:car,6
2607526:car,2
2607528:car,2
2607774:car,6
2607775:car,2
2608795:car,2
2609089:car,6
2609090:car,2
2609466:car,4
2609467:car,2
2609470:car,4
260980:car,2
2610085:car,3
2610086:car,4
2610280:car,6
2610281:car,2
2610282:car,8
2610283:car,2
2610963:car,2
2610965:car,4
2611394:car,4
2611395:car,2
2612193:car,9
2612194:car,3
2612435:car,2
2612436:car,2
2612537:car,2
2612538:car,2
2612602:car,4
2612604:car,2
2612629:car,2
2613218:car,2
2613219:car,2
2613220:car,7
2613769:car,7
2613770:car,3
2614006:car,5
2615458:car,5
2615459:car,2
2615460:car,6
2616195:car,2
261630:car,2
2616766:car,2
2617704:car,2
2617705:car,2
261794:car,2
261914:car,4
2620391:car,4
2620392:car,3
2621499:car,2
2622645:car,7
2622646:car,4
2623554:car,5
2624094:car,2
2624095:car,2
2624972:car,2
2625224:car,2
2625226:car,2
2625948:car,2
2626033:car,3
2626034:car,6
2626507:car,7
2626508:car,2
2626867:car,7
2626868:car,4
262704:car,2
262705:car,2
2627070:car,5
2627071:car,4
2627350:car,6
2627351:car,4
2627803:car,6
2627804:car,10
2627844:car,2
2627845:car,2
2629966:car,4
2630290:car,2
2631000:car,3
2631002:car,4
2631779:car,6
2633577:car,4
2633578:car,2
2633579:car,6
2633580:car,2
2633628:car,8
2633888:car,2
2633889:car,4
2634745:car,2
2634948:car,5
2637300:car,2
2637301:car,8
2638531:car,2
263862:car,5
2639298:car,1
2639528:car,4
2641280:car,2
2641281:car,2
2641449:car,6
2643035:car,7
2643036:car,2
2643037:car,8
2643187:car,6
2643188:car,2
2643189:car,4
2643840:car,2
2643841:car,5
2644054:car,4
2644055:car,3
2644604:car,3
2645030:car,4
2645031:car,3
2645032:car,2
2645046:car,2
2645047:car,2
2645048:car,4
264671:car,4
2648586:car,2
2648587:car,4
2649721:car,2
2649823:car,4
2650120:car,4
2650121:car,4
2650499:car,2
2650500:car,2
2651167:car,2
2651168:car,2
2652541:car,2
2652542:car,2
2652692:car,6
2652693:car,7
2652694:car,2
2653014:car,2
2653614:car,4
2653774:car,2
2654141:car,4
2655622:car,7
2655623:car,4
2655860:car,9
2656779:car,5
2656782:car,2
2656783:car,5
2657547:car,2
2657548:car,9
2657549:car,2
2657550:car,4
265981:car,4
265982:car,2
2660275:car,4
2660836:car,2
2660837:car,3
2660838:car,2
2660839:car,4
2662394:car,4
2662395:car,2
2662441:car,2
2663174:car,7
2663493:car,2
266453:car,7
2665243:car,4
2665244:car,6
2665503:car,2
2665504:car,4
2665568:car,4
2665569:car,2
2665627:car,2
2667427:car,2
2667776:car,2
2669096:car,10
2669193:car,4
2669325:car,2
2670760:car,7
2670761:car,5
267107:car,5
2671252:car,5
2673861:car,1
2673894:car,2
2675231:car,4
2675232:car,3
2675326:car,2
2675327:car,4
2676269:car,2
2677649:car,4
2677650:car,2
2677651:car,4
2677679:car,2
2680876:car,4
2681336:car,10
2681555:car,10
2681556:car,2
2682350:car,4
2683103:car,3
2684084:car,2
2684580:car,2
2685080:car,8
2688797:car,2
268882:car,2
2689734:car,2
2689735:car,7
268974:car,4
268975:car,2
268976:car,5
2691534:car,2
2691535:car,4
2692244:car,6
26923:car,4
2692513:car,2
2693132:car,4
2694052:car,2
2699025:car,2
2699215:car,4
2699276:car,2
2699361:car,6
2699427:car,2
2700159:car,4
2700160:car,2
2700237:car,2
2700239:car,5
2700258:car,2
2700266:car,3
2701979:car,4
2701980:car,4
27020:car,2
27022:car,6
2702465:car,2
2702467:car,2
2702962:car,6
270365:car,2
270366:car,6
2704065:car,2
2704994:car,6
2704995:car,2
2705266:car,6
2705357:car,7
2705358:car,3
2706554:car,10
2706555:car,2
2706980:car,2
271170:car,5
271272:car,2
271273:car,4
271975:car,6
272336:car,2
2726228:car,5
273390:car,4
273393:car,10
273650:car,2
273656:car,2
273710:car,2
2744404:car,3
274588:car,4
274589:car,2
27473:car,2
27475:car,7
275155:car,2
275156:car,2
275157:car,8
275577:car,4
275578:car,4
275598:car,3
276304:car,2
27654:car,4
276711:car,4
276712:car,2
278734:car,2
278735:car,2
28154:car,4
281668:car,5
282097:car,4
282098:car,6
284163:car,2
285710:car,2
28581:car,2
286243:car,5
286875:car,4
287581:car,2
28812:car,2
28813:car,4
288625:car,2
28874:car,9
289437:car,7
289438:car,5
289638:car,6
289762:car,3
292651:car,5
292653:car,4
292813:car,3
292815:car,4
294712:car,8
294806:car,6
295277:car,6
295278:car,2
295280:car,2
296849:car,3
296850:car,9
29803:car,2
299410:car,2
300145:car,2
300155:car,2
300223:car,2
300225:car,2
30026:car,3
30027:car,9
30062:car,3
30063:car,3
303454:car,6
303455:car,4
303886:car,2
303887:car,4
304320:car,2
306088:car,2
306948:car,2
308443:car,2
309128:car,6
309129:car,4
310102:car,4
310414:car,2
310669:car,4
310670:car,2
310953:car,6
311159:car,2
311160:car,3
311979:car,4
312404:car,4
313114:car,4
313579:car,2
313580:car,6
31482:car,1
314832:car,4
314833:car,2
31483:car,4
314850:car,2
315512:car,2
316226:car,4
316227:car,4
316625:car,2
316626:car,7
317253:car,6
317254:car,7
317255:car,5
318376:car,2
318377:car,2
320511:car,2
321534:car,2
321535:car,2
321757:car,1
321758:car,4
321759:car,4
321760:car,4
321952:car,2
324516:car,6
325120:car,2
326242:car,1
326243:car,4
326244:car,2
326245:car,7
326437:car,5
326438:car,2
329026:car,4
329027:car,4
32987:car,2
32988:car,2
330276:car,4
330278:car,6
330475:car,2
330495:car,2
330815:car,2
330816:car,5
330974:car,4
331748:car,3
331749:car,6
331813:car,6
332744:car,6
332745:car,4
332746:car,3
332875:car,4
332876:car,1
333167:car,3
333168:car,4
33329:car,6
33331:car,2
334297:car,3
334298:car,4
335872:car,2
337718:car,2
339746:car,6
339826:car,4
340140:car,2
342289:car,2
342290:car,2
342652:car,4
342941:car,3
343066:car,2
343207:car,2
343282:car,6
343283:car,6
343285:car,2
343949:car,5
344452:car,3
344453:car,5
34541:car,5
34544:car,2
345466:car,9
345467:car,2
346444:car,2
346556:car,6
346715:car,6
346716:car,4
347519:car,6
347521:car,2
347780:car,4
347783:car,3
349580:car,7
350263:car,6
350716:car,2
350717:car,9
352035:car,2
352647:car,2
352789:car,4
352790:car,4
358512:car,2
358711:car,2
359080:car,6
359081:car,6
359289:car,2
359833:car,2
359931:car,6
359933:car,2
360305:car,7
360306:car,2
361715:car,5
361977:car,6
361978:car,4
362004:car,2
362252:car,4
362253:car,4
362294:car,4
363453:car,3
363454:car,4
365927:car,4
365928:car,5
365929:car,5
366936:car,7
366940:car,2
369583:car,4
371818:car,2
372387:car,4
372634:car,4
372635:car,6
375334:car,8
375373:car,4
375584:car,4
375763:car,4
376355:car,4
379008:car,6
37960:car,2
37961:car,6
37963:car,4
379737:car,6
380241:car,2
380242:car,6
380892:car,2
381157:car,2
381158:car,6
38157:car,4
38158:car,2
382083:car,5
382084:car,6
383127:car,4
383129:car,6
383166:car,6
383167:car,4
383458:car,2
383459:car,2
383733:car,7
383734:car,2
383735:car,2
383736:car,4
384102:car,2
384103:car,2
384382:car,3
384383:car,4
384384:car,5
384433:car,3
384434:car,4
384435:car,2
385315:car,3
386071:car,6
386277:car,10
386279:car,4
387113:car,4
388262:car,2
388263:car,2
388264:car,4
389696:car,2
389698:car,2
389930:car,2
389931:car,4
390229:car,8
390232:car,2
390862:car,2
390939:car,6
390942:car,2
391083:car,2
391084:car,2
392650:car,5
392651:car,2
392674:car,2
392675:car,6
393778:car,2
394528:car,2
394529:car,2
395515:car,2
395864:car,4
397317:car,2
397318:car,2
399196:car,3
399197:car,4
400216:car,6
402437:car,2
404537:car,3
40519:car,2
40521:car,9
405647:car,8
405684:car,2
406239:car,4
40628:car,4
406409:car,2
406410:car,2
406890:car,2
406892:car,4
406948:car,4
406949:car,4
407391:car,6
407770:car,2
407771:car,2
408705:car,4
409517:car,9
409519:car,2
409672:car,4
412342:car,3
412344:car,3
413843:car,4
413844:car,4
413845:car,4
416228:car,4
416229:car,5
416230:car,4
416531:car,5
418241:car,2
419529:car,2
419733:car,4
420252:car,1
420253:car,6
42033:car,4
42035:car,4
420471:car,2
420805:car,5
421349:car,4
425978:car,2
425979:car,2
425980:car,4
426242:car,6
426250:car,4
426251:car,6
427379:car,2
42765:car,4
428091:car,2
428092:car,4
429421:car,2
429422:car,7
430300:car,2
430301:car,5
431986:car,4
432796:car,7
433933:car,2
435566:car,2
435568:car,2
4370:car,2
4372:car,5
437343:car,2
437344:car,7
438315:car,2
438316:car,9
438396:car,1
43881:car,6
43882:car,3
438989:car,4
439255:car,2
439256:car,3
439621:car,6
439843:car,5
441658:car,2
441659:car,2
441966:car,2
442045:car,5
442677:car,2
442679:car,2
442881:car,2
442882:car,6
443982:car,5
443983:car,4
445456:car,6
445457:car,3
446926:car,4
446927:car,4
448117:car,7
448118:car,2
448120:car,2
448860:car,2
448861:car,4
449731:car,2
449733:car,2
449734:car,2
451781:car,9
451784:car,4
452331:car,4
452540:car,6
454304:car,5
45437:car,2
454391:car,3
454392:car,4
45439:car,2
455421:car,2
455540:car,2
455541:car,2
456049:car,2
45658:car,7
457426:car,4
458489:car,2
458490:car,2
459459:car,4
459460:car,9
45965:car,3
459686:car,8
459688:car,2
459760:car,2
460080:car,4
461522:car,2
461523:car,4
461524:car,7
461525:car,2
461526:car,2
461772:car,8
464330:car,2
46443:car,2
46445:car,2
464573:car,4
464738:car,3
464863:car,2
464864:car,5
466349:car,2
466350:car,2
466352:car,3
467579:car,6
469044:car,4
469816:car,6
469817:car,2
469997:car,6
469998:car,6
471828:car,1
471968:car,5
471993:car,5
471994:car,4
472005:car,6
472006:car,2
47206:car,2
472217:car,2
472218:car,2
472577:car,6
472680:car,2
472743:car,2
472861:car,4
472862:car,2
473111:car,2
473859:car,6
474850:car,2
474851:car,6
475254:car,2
476803:car,4
47821:car,4
479274:car,4
481857:car,2
482570:car,2
485962:car,2
486924:car,5
487193:car,6
487194:car,4
488310:car,2
488311:car,4
488578:car,2
488743:car,2
488821:car,2
490298:car,4
490300:car,4
490519:car,4
49166:car,6
49169:car,2
493143:car,8
493146:car,2
493683:car,5
494445:car,3
494650:car,2
496141:car,2
498999:car,4
499000:car,5
499303:car,4
499304:car,2
499968:car,2
502583:car,2
502585:car,3
502586:car,2
502874:car,2
503200:car,2
503202:car,5
504616:car,4
504745:car,3
504746:car,2
504783:car,2
504784:car,2
505240:car,4
505241:car,2
50695:car,8
50696:car,6
507664:car,2
508122:car,4
509001:car,3
50902:car,8
50903:car,2
509675:car,2
510612:car,2
510613:car,2
511256:car,9
511690:car,2
511691:car,2
512378:car,2
512380:car,5
513377:car,4
513378:car,6
513603:car,2
513606:car,4
513607:car,3
51460:car,2
514653:car,6
514655:car,2
515272:car,2
515273:car,8
515557:car,3
516047:car,4
516048:car,3
516049:car,4
516599:car,2
517164:car,7
517165:car,2
518006:car,2
518007:car,2
520188:car,2
520189:car,2
520190:car,2
520191:car,2
522384:car,2
522385:car,4
522684:car,4
522687:car,4
522688:car,2
522692:car,2
522693:car,3
523046:car,2
523539:car,1
523540:car,2
52361:car,2
523868:car,5
524132:car,2
524133:car,5
524641:car,2
525741:car,6
526003:car,8
527540:car,2
527541:car,2
527543:car,4
527797:car,4
527898:car,6
527899:car,4
527935:car,4
527937:car,5
528009:car,2
528011:car,2
528148:car,8
528149:car,4
528311:car,4
529821:car,1
531652:car,6
531653:car,2
53304:car,8
533638:car,6
533640:car,2
534086:car,2
534087:car,4
536042:car,3
536043:car,3
537070:car,2
537428:car,2
537430:car,2
53922:car,6
539611:car,3
541785:car,2
541786:car,2
541948:car,8
541949:car,2
542091:car,4
542092:car,2
543375:car,9
543378:car,2
546734:car,3
546735:car,3
546839:car,2
546842:car,4
546917:car,4
548240:car,5
548241:car,4
548242:car,2
549866:car,4
550999:car,4
551509:car,2
551510:car,2
551511:car,5
554409:car,5
554410:car,4
554411:car,4
55719:car,7
557837:car,6
557839:car,2
558131:car,5
558132:car,5
558875:car,7
558876:car,10
559100:car,2
561177:car,6
56188:car,2
562363:car,3
562364:car,2
562981:car,3
563140:car,2
563212:car,3
56364:car,2
563915:car,4
564356:car,4
564748:car,2
564749:car,4
566425:car,2
566429:car,6
566750:car,2
566751:car,4
567708:car,2
568086:car,5
568145:car,2
569227:car,2
570071:car,2
570876:car,3
571297:car,6
571298:car,2
571791:car,2
571874:car,6
571875:car,2
573175:car,2
573734:car,2
573735:car,3
574179:car,7
574180:car,4
57518:car,2
575297:car,2
575298:car,3
57610:car,6
57611:car,2
57612:car,2
57613:car,2
576188:car,4
578071:car,2
578429:car,3
578460:car,2
578641:car,2
578651:car,2
579842:car,2
579843:car,2
580854:car,2
581906:car,2
582170:car,2
582171:car,4
582243:car,6
582244:car,4
582966:car,2
583317:car,2
583938:car,2
584271:car,2
584837:car,2
584838:car,2
585022:car,2
585023:car,5
585748:car,2
585749:car,7
585750:car,2
586735:car,2
58840:car,3
58842:car,2
588999:car,2
589358:car,4
589399:car,8
589400:car,2
590328:car,6
590939:car,2
591732:car,2
594990:car,2
595418:car,4
595419:car,7
59636:car,2
597350:car,3
597352:car,3
597404:car,10
597444:car,3
597445:car,2
597921:car,4
597922:car,2
598315:car,1
598704:car,8
599263:car,3
599279:car,5
599280:car,4
599814:car,2
600788:car,2
60123:car,2
60124:car,2
601313:car,2
601575:car,2
601591:car,5
601847:car,6
603104:car,2
603709:car,2
604740:car,4
604741:car,2
605150:car,5
606267:car,6
606268:car,6
606271:car,5
606272:car,2
606556:car,4
606557:car,6
607051:car,4
607217:car,2
607218:car,2
608946:car,9
610618:car,2
610839:car,2
610930:car,2
611314:car,2
611416:car,5
611417:car,4
611536:car,6
611537:car,5
612443:car,2
612694:car,8
613218:car,3
613463:car,5
613464:car,7
615909:car,2
615954:car,2
615955:car,5
616120:car,2
616351:car,2
616354:car,2
616622:car,2
616700:car,6
616707:car,2
617033:car,1
617145:car,4
617146:car,2
617456:car,2
617457:car,4
61826:car,6
61827:car,3
619507:car,3
620176:car,7
620177:car,2
62023:car,9
620668:car,4
621626:car,2
622116:car,2
622117:car,2
622224:car,2
62338:car,2
623753:car,3
623754:car,3
624407:car,2
624551:car,2
624552:car,2
625814:car,2
62612:car,6
626349:car,4
626599:car,5
626754:car,5
627828:car,7
628566:car,3
628567:car,8
62938:car,2
629400:car,4
629835:car,4
629837:car,1
630348:car,2
630528:car,2
630529:car,4
630984:car,5
632079:car,2
632580:car,4
632581:car,9
632782:car,4
632783:car,2
633538:car,5
633568:car,5
633569:car,2
634361:car,6
637253:car,5
637254:car,2
637307:car,2
638122:car,8
638123:car,2
639402:car,1
639404:car,2
639830:car,2
642294:car,2
643411:car,8
644875:car,2
647010:car,4
647011:car,5
647911:car,2
648719:car,9
648720:car,2
648810:car,6
649287:car,2
649289:car,8
650183:car,2
650852:car,2
650853:car,2
650854:car,4
651433:car,6
652587:car,2
653877:car,2
655547:car,5
655856:car,6
655857:car,2
65701:car,3
657272:car,4
657274:car,2
657919:car,1
65822:car,4
65823:car,2
660590:car,4
660591:car,7
661202:car,2
661916:car,2
662315:car,4
662317:car,4
66246:car,3
662736:car,5
662871:car,1
662873:car,6
665477:car,2
666848:car,2
666935:car,2
667009:car,7
667013:car,2
667620:car,3
669101:car,2
669142:car,2
669143:car,4
669144:car,2
669818:car,5
670719:car,5
67098:car,8
671170:car,6
671382:car,2
671385:car,3
671869:car,5
671870:car,4
672543:car,2
672544:car,2
672619:car,2
672783:car,2
672784:car,4
674859:car,6
675026:car,2
675279:car,2
675388:car,4
675390:car,4
678934:car,4
678935:car,3
678936:car,2
678937:car,2
679148:car,2
679151:car,5
679278:car,3
679808:car,2
68098:car,4
68099:car,2
681155:car,2
681156:car,7
682875:car,6
683668:car,4
684019:car,2
685186:car,4
685187:car,2
685188:car,2
686034:car,4
686206:car,3
686208:car,6
68747:car,2
687790:car,2
687791:car,2
687792:car,2
688983:car,4
688984:car,2
69005:car,4
690610:car,8
690642:car,9
690644:car,8
690645:car,2
691123:car,4
691125:car,1
692637:car,2
694319:car,7
694370:car,7
695708:car,3
697103:car,2
697227:car,2
697349:car,3
697350:car,2
701912:car,4
701913:car,2
702023:car,2
702715:car,2
70274:car,2
702809:car,2
702810:car,2
702812:car,4
703337:car,5
703678:car,5
703679:car,2
704143:car,4
704144:car,5
704429:car,2
704479:car,5
704481:car,5
704846:car,4
704847:car,2
706647:car,6
706649:car,5
706971:car,2
706972:car,2
706975:car,2
707334:car,2
709010:car,2
709952:car,12
709953:car,2
711286:car,2
711287:car,5
711397:car,6
711398:car,5
711706:car,2
713392:car,2
713393:car,3
713613:car,4
713616:car,4
715017:car,3
7157:car,7
7160:car,5
716740:car,6
716995:car,3
717068:car,2
718264:car,2
720380:car,2
720583:car,2
721428:car,2
721475:car,3
721477:car,4
721478:car,10
721555:car,4
721931:car,8
721932:car,3
722762:car,2
722763:car,5
723007:car,4
723008:car,4
723009:car,2
724669:car,4
725606:car,4
725753:car,6
725754:car,4
72603:car,2
72604:car,3
72698:car,6
72699:car,4
727216:car,6
727496:car,8
727497:car,5
729514:car,2
730388:car,2
730389:car,2
730884:car,4
730886:car,2
730887:car,3
730888:car,7
731220:car,2
731620:car,3
731621:car,3
732425:car,4
732428:car,3
732591:car,2
732592:car,2
732810:car,6
732811:car,3
734319:car,2
734320:car,2
734821:car,2
734822:car,2
736425:car,2
736838:car,2
736968:car,2
737195:car,2
737196:car,4
738219:car,9
738220:car,3
738221:car,2
739005:car,2
739006:car,2
740048:car,3
740050:car,3
740318:car,6
740320:car,9
741225:car,4
741473:car,2
741474:car,5
741476:car,4
742174:car,2
742617:car,4
742889:car,6
743081:car,2
743082:car,3
743395:car,2
743396:car,2
744435:car,2
744437:car,5
745439:car,2
746556:car,4
746557:car,3
748155:car,2
748193:car,8
748194:car,2
748785:car,4
749967:car,2
750696:car,2
750697:car,2
750851:car,4
752846:car,5
752980:car,5
753176:car,2
75322:car,2
754567:car,3
754618:car,2
754708:car,7
754866:car,4
754867:car,3
755596:car,2
755597:car,4
757066:car,3
758709:car,3
758780:car,4
759047:car,3
762569:car,2
762570:car,9
762730:car,2
762924:car,3
763368:car,8
763369:car,2
764178:car,2
764181:car,2
764506:car,4
764507:car,2
764956:car,3
764957:car,6
765022:car,10
766011:car,2
766012:car,6
767127:car,2
767128:car,3
767169:car,2
767581:car,4
767835:car,2
767836:car,7
770157:car,2
770158:car,7
770778:car,9
770963:car,4
771119:car,4
771120:car,1
772294:car,4
773862:car,4
773863:car,2
774166:car,3
774167:car,3
774507:car,6
774508:car,2
77489:car,2
775579:car,6
775580:car,4
778374:car,5
778375:car,4
778377:car,3
779099:car,9
779597:car,3
780347:car,2
780348:car,2
780368:car,2
780370:car,4
780371:car,2
780750:car,2
780751:car,2
780752:car,4
781165:car,3
781167:car,2
781907:car,2
782777:car,2
783084:car,5
783301:car,5
783847:car,6
783848:car,9
784053:car,2
784492:car,10
785455:car,9
785456:car,6
785816:car,6
785838:car,4
786193:car,2
786194:car,2
786932:car,2
786933:car,2
786934:car,2
787410:car,4
788054:car,2
788055:car,2
788126:car,4
788137:car,2
788452:car,2
788453:car,2
788516:car,2
788517:car,6
789037:car,2
789128:car,3
790866:car,2
791376:car,2
791377:car,7
791553:car,2
791554:car,2
791675:car,2
791676:car,4
792269:car,8
792352:car,3
794114:car,2
794115:car,4
794722:car,2
795202:car,7
795203:car,2
796043:car,2
796044:car,7
798059:car,2
798060:car,2
798063:car,2
798064:car,2
798431:car,6
798435:car,5
798755:car,3
799684:car,2
799727:car,2
799728:car,2
80039:car,6
80041:car,6
800948:car,2
800949:car,2
80122:car,5
80124:car,2
80125:car,3
801598:car,2
801616:car,8
801617:car,2
801769:car,2
801771:car,2
801874:car,4
802703:car,6
802704:car,5
803312:car,2
803313:car,2
803391:car,7
803645:car,2
803646:car,4
804012:car,6
80587:car,2
806049:car,4
806516:car,2
807429:car,5
807682:car,6
807683:car,3
807951:car,2
808404:car,2
808405:car,2
808481:car,4
80866:car,3
809118:car,2
809119:car,4
809216:car,5
809620:car,6
810170:car,2
810171:car,3
810672:car,2
810673:car,2
811176:car,2
811986:car,2
811987:car,2
812444:car,2
812445:car,8
813051:car,2
813052:car,2
813200:car,4
813202:car,2
814443:car,6
816349:car,3
817178:car,2
817515:car,3
817556:car,4
818751:car,4
818753:car,2
819651:car,2
819987:car,2
81998:car,2
81999:car,2
820358:car,3
820627:car,1
82097:car,2
821682:car,3
821683:car,2
822074:car,2
822075:car,3
822076:car,2
822884:car,6
822885:car,2
822886:car,2
823860:car,5
824341:car,2
825286:car,1
825288:car,6
828309:car,2
828597:car,2
830860:car,9
830946:car,2
831065:car,6
831066:car,2
831632:car,2
831633:car,2
831975:car,2
831977:car,2
831979:car,6
832147:car,4
832550:car,4
834783:car,6
834784:car,3
835479:car,2
83714:car,2
83715:car,2
838662:car,3
838663:car,2
838664:car,3
838665:car,7
838866:car,9
838867:car,9
838958:car,5
838959:car,2
839494:car,1
839801:car,4
839802:car,5
840759:car,4
840760:car,2
841454:car,2
842139:car,2
842434:car,4
842435:car,2
842459:car,9
84252:car,2
843693:car,4
843694:car,2
843695:car,4
84370:car,2
848443:car,2
84935:car,2
849427:car,4
849518:car,7
85093:car,3
851930:car,5
851931:car,4
852075:car,2
852650:car,2
854607:car,3
85466:car,2
85467:car,2
855892:car,2
85679:car,4
857240:car,8
857845:car,7
857847:car,6
858148:car,4
858152:car,2
858758:car,2
860580:car,3
860581:car,2
862126:car,6
862127:car,11
862430:car,2
862936:car,2
862937:car,2
863319:car,4
863320:car,6
865586:car,7
865604:car,2
866513:car,2
867284:car,2
867285:car,2
867540:car,5
867698:car,6
868007:car,7
869058:car,2
869491:car,2
869939:car,4
869942:car,2
870425:car,2
870946:car,2
870977:car,4
871547:car,5
871807:car,7
871923:car,5
871926:car,4
872652:car,6
872653:car,3
872757:car,2
874008:car,2
874159:car,4
874472:car,4
874473:car,3
874645:car,2
874646:car,2
874647:car,4
876917:car,2
876918:car,4
876919:car,7
877430:car,6
877433:car,6
877612:car,2
877739:car,4
877740:car,9
878163:car,4
878164:car,4
878342:car,2
878794:car,3
878795:car,2
878948:car,5
878949:car,7
87928:car,10
87934:car,2
87935:car,3
879462:car,2
880166:car,2
880167:car,8
880883:car,1
880884:car,2
881188:car,3
881613:car,4
882601:car,4
882603:car,2
882672:car,3
882673:car,3
882707:car,9
882954:car,3
883369:car,6
883732:car,7
883733:car,9
886177:car,2
886383:car,5
886384:car,2
886570:car,2
8869:car,2
887107:car,2
8871:car,4
887360:car,2
887792:car,4
888624:car,6
889039:car,6
889056:car,2
889057:car,6
890054:car,9
890055:car,2
89024:car,6
89028:car,2
892559:car,4
892685:car,4
892686:car,6
893379:car,2
893381:car,8
893383:car,2
893716:car,2
893718:car,5
895062:car,2
895063:car,2
89533:car,2
89536:car,5
895726:car,2
896057:car,4
896058:car,3
896107:car,2
896730:car,2
897744:car,2
897745:car,2
897771:car,3
897830:car,2
89892:car,2
89893:car,7
899672:car,5
899673:car,4
90045:car,3
90080:car,4
900888:car,2
900889:car,2
900891:car,7
902154:car,2
902608:car,5
902609:car,8
902703:car,2
902990:car,2
902991:car,2
903006:car,2
903007:car,7
903790:car,4
904146:car,4
904147:car,2
908397:car,2
908788:car,4
909758:car,4
909759:car,5
910633:car,2
911157:car,4
91193:car,3
91194:car,5
911987:car,3
911988:car,4
912168:car,4
912290:car,2
912297:car,2
912298:car,5
912299:car,2
912937:car,2
913385:car,5
913603:car,2
913604:car,2
913897:car,4
913898:car,2
913974:car,4
913975:car,4
914588:car,2
914619:car,3
914620:car,2
914794:car,2
914927:car,3
915000:car,2
915001:car,5
915490:car,6
91578:car,2
915812:car,2
916325:car,2
91729:car,5
91730:car,2
918736:car,6
919200:car,3
919622:car,6
919623:car,3
920909:car,2
920910:car,10
921293:car,9
921435:car,4
921436:car,2
921437:car,2
921683:car,5
921684:car,5
92220:car,4
92221:car,2
92314:car,3
927507:car,2
929336:car,2
92941:car,4
929618:car,6
930881:car,3
932179:car,3
932180:car,1
932859:car,2
93343:car,7
93344:car,6
934098:car,2
934389:car,7
934702:car,7
934890:car,2
934891:car,2
935010:car,2
935267:car,4
936171:car,2
936172:car,2
936173:car,7
937166:car,1
937517:car,5
937563:car,2
937564:car,3
938170:car,4
938171:car,6
939220:car,4
939221:car,3
940246:car,2
940580:car,8
940583:car,2
940646:car,2
941519:car,3
941520:car,3
941551:car,10
941554:car,2
94177:car,2
94188:car,3
943218:car,3
943220:car,2
94322:car,2
94323:car,2
943605:car,5
943606:car,2
943819:car,3
943820:car,3
944424:car,2
94466:car,8
94467:car,2
94468:car,2
944913:car,4
945460:car,2
945461:car,2
946376:car,6
950045:car,2
950686:car,2
950689:car,2
951561:car,4
951562:car,4
951626:car,6
951732:car,9
95360:car,4
95361:car,2
95362:car,2
953921:car,6
953922:car,2
953923:car,4
954007:car,2
954008:car,2
954938:car,2
955123:car,6
955905:car,2
955935:car,2
957044:car,4
957898:car,7
958059:car,4
958060:car,2
958130:car,5
958251:car,2
958252:car,4
958253:car,2
959052:car,4
959053:car,5
959555:car,2
959557:car,5
95985:car,3
95986:car,2
964111:car,4
964127:car,2
964128:car,2
964129:car,2
964130:car,9
965396:car,6
965397:car,2
96556:car,1
965584:car,8
965585:car,2
96561:car,2
965681:car,6
965683:car,2
966859:car,3
966860:car,5
967623:car,2
967803:car,5
968499:car,2
968500:car,4
969049:car,9
969050:car,2
969854:car,5
969855:car,2
969856:car,2
97167:car,2
971853:car,3
971854:car,2
971855:car,2
972485:car,5
972486:car,2
972487:car,2
972567:car,2
973300:car,2
973434:car,5
973621:car,2
974245:car,4
97429:car,4
97560:car,3
976233:car,6
976235:car,2
976534:car,4
976535:car,2
976537:car,2
977516:car,2
977517:car,2
978133:car,6
978851:car,4
978852:car,6
978853:car,4
97915:car,4
97916:car,5
97917:car,2
97918:car,2
979394:car,2
97987:car,2
982688:car,2
982689:car,4
982746:car,2
982747:car,6
982748:car,4
982749:car,3
983463:car,5
983492:car,2
983493:car,2
984702:car,4
984703:car,4
985519:car,2
985966:car,5
98821:car,2
988284:car,2
989516:car,2
990352:car,7
990353:car,3
990354:car,2
991406:car,2
992141:car,2
992142:car,3
992170:car,4
992609:car,4
992610:car,4
992611:car,2
993115:car,4
993207:car,4
993208:car,1
993457:car,4
993460:car,2
993659:car,4
996487:car,4
996490:car,2
997808:car,3
998491:car,2
998492:car,2
998493:car,2
999263:car,5
999265:car,6
999307:car,2
999310:car,10
